object,url
005GOaLIgy1fxzlubkvzcj30c80dhaaf.jpg,http://img.gkzhb.top/005GOaLIgy1fxzlubkvzcj30c80dhaaf.jpg
186E692204D762C0AAA29D4450C8793F.png,http://img.gkzhb.top/186E692204D762C0AAA29D4450C8793F.png
2021.png,http://img.gkzhb.top/2021.png
20210213173835.png,http://img.gkzhb.top/20210213173835.png
51590BF0-4E0B-4FCF-A188-D17D198D1AD0(20200924-103.JPG,http://img.gkzhb.top/51590BF0-4E0B-4FCF-A188-D17D198D1AD0%2820200924-103.JPG
62ac88ccgw1f0le92uvj1j20rs0rsgva.jpg,http://img.gkzhb.top/62ac88ccgw1f0le92uvj1j20rs0rsgva.jpg
705728-20160424234826351-1957282396.png,http://img.gkzhb.top/705728-20160424234826351-1957282396.png
705728-20160424234827195-1493107425.png,http://img.gkzhb.top/705728-20160424234827195-1493107425.png
E39CA8C9-4D65-4A7D-9E70-F3E1DB53254E(20200403-180.JPG,http://img.gkzhb.top/E39CA8C9-4D65-4A7D-9E70-F3E1DB53254E%2820200403-180.JPG
IMG_3010(20201221-094926).JPG,http://img.gkzhb.top/IMG_3010%2820201221-094926%29.JPG
IMG_4430.JPG,http://img.gkzhb.top/IMG_4430.JPG
IMG_4443.JPG,http://img.gkzhb.top/IMG_4443.JPG
IMG_4496.JPG,http://img.gkzhb.top/IMG_4496.JPG
IMG_4562.JPG,http://img.gkzhb.top/IMG_4562.JPG
IMG_4623.JPG,http://img.gkzhb.top/IMG_4623.JPG
IMG_4707.JPG,http://img.gkzhb.top/IMG_4707.JPG
IMG_4837.JPG,http://img.gkzhb.top/IMG_4837.JPG
IMG_4842.JPG,http://img.gkzhb.top/IMG_4842.JPG
IMG_4910.JPG,http://img.gkzhb.top/IMG_4910.JPG
IMG_4963.JPG,http://img.gkzhb.top/IMG_4963.JPG
IMG_4967.JPG,http://img.gkzhb.top/IMG_4967.JPG
IMG_4969.JPG,http://img.gkzhb.top/IMG_4969.JPG
IMG_4970.JPG,http://img.gkzhb.top/IMG_4970.JPG
IMG_4971.JPG,http://img.gkzhb.top/IMG_4971.JPG
IMG_5020.JPG,http://img.gkzhb.top/IMG_5020.JPG
IMG_5021.JPG,http://img.gkzhb.top/IMG_5021.JPG
IMG_5084.JPG,http://img.gkzhb.top/IMG_5084.JPG
IMG_5086.JPG,http://img.gkzhb.top/IMG_5086.JPG
IMG_5186.JPG,http://img.gkzhb.top/IMG_5186.JPG
IMG_5187.JPG,http://img.gkzhb.top/IMG_5187.JPG
IMG_5191.JPG,http://img.gkzhb.top/IMG_5191.JPG
IMG_5192.JPG,http://img.gkzhb.top/IMG_5192.JPG
IMG_5194.JPG,http://img.gkzhb.top/IMG_5194.JPG
QQ图片20210210104734.jpg,http://img.gkzhb.top/QQ%E5%9B%BE%E7%89%8720210210104734.jpg
apple.jpg,http://img.gkzhb.top/apple.jpg
avatar.jpg,http://img.gkzhb.top/avatar.jpg
bixin.jpg,http://img.gkzhb.top/bixin.jpg
browserprocess.png,http://img.gkzhb.top/browserprocess.png
closeTCP.jpg,http://img.gkzhb.top/closeTCP.jpg
createTCP.jpg,http://img.gkzhb.top/createTCP.jpg
favicon-16x16-next.png,http://img.gkzhb.top/favicon-16x16-next.png
fetch_res.png,http://img.gkzhb.top/fetch_res.png
grid-demo1.png,http://img.gkzhb.top/grid-demo1.png
grid-demo2.png,http://img.gkzhb.top/grid-demo2.png
grid-line.png,http://img.gkzhb.top/grid-line.png
hidedom.png,http://img.gkzhb.top/hidedom.png
hidedom2.png,http://img.gkzhb.top/hidedom2.png
imgserver.png,http://img.gkzhb.top/imgserver.png
imgserver2.png,http://img.gkzhb.top/imgserver2.png
imgserver3.png,http://img.gkzhb.top/imgserver3.png